"19 August 2020 (test)","31 August 2020","1 September 2020"
"2008.06195|d|
 comment text ""Sample"" comment text","2008.12202|h,j","2008.12785|k"
"2008.06444|k,a|
 comment text ""Sample"" comment text 2","2008.12244|hm","2008.12743|h"
"","2008.11184|e,j","2008.12430|k"
"","2008.12206|a","2008.12399|a"
"","2008.12109|k","2008.12352|j"
"","2008.11648|e","2008.11934|e"
"","2008.11033|h","2008.11859|h,j"
"","2008.10701|a","2008.11818|hm"
"","2008.09664|h","2008.11727|k,j"
"","2008.09683|h,j","2008.11390|hm"
"","2008.10381|hm|
Reproduce results, present in group","2008.10639|hm"
"","","2008.10995|a"
"","","2008.10756|e"
"","","2008.13753|d|Important"
"","","2008.12743|h|reproduce two sections"
"","","2008.10739|e"